strategy,trade_count,removed_signal_count,sharpe_ratio,total_return,win_rate,max_drawdown,expected_return_per_trade
baseline_live_holdout,4,0,1.7585422726619406,0.017799687599999947,1.0,-0.005132457683393987,0.01500707169684811
ml_hard_filter_live_holdout,1,5,2.2739392664254376,0.0106230516000001,1.0,-0.0011236379265274765,0.040780000967382976
ml_position_scaling_live_holdout,4,0,1.9028452321830471,0.01889078081999984,1.0,-0.004775807306594659,0.01500707169684811
