strategy,trade_count,removed_signal_count,sharpe_ratio,total_return,win_rate,max_drawdown,expected_return_per_trade
baseline_live_holdout,5,0,1.5319018130025415,0.016607778499999837,1.0,-0.005132457683393987,0.011166251136845958
ml_hard_filter_live_holdout,2,6,2.523907556874825,0.012493073699999968,1.0,-0.0011236379265274765,0.023129868074927992
ml_position_scaling_live_holdout,5,0,1.7336991028697994,0.01848778036099974,1.0,-0.004775807306594659,0.011166251136845962
