strategy,trade_count,sharpe_ratio,total_return,win_rate,max_drawdown,expected_return_per_trade
baseline_test_period,12,0.6920945567120592,0.01676851359999998,0.8333333333333334,-0.01087997180000011,0.005500968097037506
filtered_test_period,9,0.375998893962114,0.007478413299999875,0.7777777777777778,-0.012358108399999956,0.0038591633021698483
