{
  "symbols": [
    "GLD",
    "IWM",
    "QQQ",
    "SPY",
    "TLT",
    "XLE"
  ],
  "train_rows": 219,
  "test_rows": 94,
  "probability_threshold": 0.55,
  "train_metrics": {
    "accuracy": 0.730593607305936,
    "precision": 0.82,
    "recall": 0.45054945054945056,
    "positive_prediction_rate": 0.228310502283105,
    "base_rate": 0.4155251141552511,
    "roc_auc": 0.7557520604395603,
    "log_loss": 0.5752908556693515
  },
  "test_metrics": {
    "accuracy": 0.5425531914893617,
    "precision": 0.2,
    "recall": 0.08823529411764706,
    "positive_prediction_rate": 0.1595744680851064,
    "base_rate": 0.3617021276595745,
    "roc_auc": 0.44607843137254904,
    "log_loss": 0.888191437568776
  },
  "filtered_summary": {
    "filtered_trade_count": 15,
    "filtered_hit_rate": 0.2,
    "filtered_average_label": 0.2
  }
}