strategy,trade_count,sharpe_ratio,total_return,win_rate,max_drawdown,expected_return_per_trade
baseline_test_period,12,0.6920945567120592,0.01676851359999998,0.8333333333333334,-0.01087997180000011,0.005500968097037506
filtered_test_period,12,0.7267989211779842,0.01876507218600021,0.8333333333333334,-0.011423970389999982,0.0055009680970375075
