strategy,trade_count,removed_signal_count,sharpe_ratio,total_return,win_rate,max_drawdown,expected_return_per_trade
baseline,12,0,0.6920945567120592,0.01676851359999998,0.8333333333333334,-0.01087997180000011,0.005500968097037506
ml_hard_filter,9,8,0.375998893962114,0.007478413299999875,0.7777777777777778,-0.012358108399999956,0.0038591633021698483
ml_position_scaling,12,0,0.7267989211779842,0.01876507218600021,0.8333333333333334,-0.011423970389999982,0.0055009680970375075
